header,target,directory
DetInterface/IGeomSvc.h,CEPCSW::DetInterface,Detector/DetInterface
DetSegmentation/GridDriftChamber.h,CEPCSW::DetSegmentation,Detector/DetSegmentation
Identifier/CEPCConf.h,CEPCSW::Identifier,Detector/Identifier
EventSeeder/IEventSeeder.h,CEPCSW::EventSeeder,Service/EventSeeder
GearSvc/IGearSvc.h,CEPCSW::GearSvc,Service/GearSvc
TrackSystemSvc/ConfigFlags.h,CEPCSW::TrackSystemSvcLib,Service/TrackSystemSvc
TrackSystemSvc/HelixFit.h,CEPCSW::TrackSystemSvcLib,Service/TrackSystemSvc
TrackSystemSvc/HelixTrack.h,CEPCSW::TrackSystemSvcLib,Service/TrackSystemSvc
TrackSystemSvc/IMarlinTrack.h,CEPCSW::TrackSystemSvcLib,Service/TrackSystemSvc
TrackSystemSvc/IMarlinTrkSystem.h,CEPCSW::TrackSystemSvcLib,Service/TrackSystemSvc
TrackSystemSvc/ITrackSystemSvc.h,CEPCSW::TrackSystemSvcLib,Service/TrackSystemSvc
TrackSystemSvc/LCIOTrackPropagators.h,CEPCSW::TrackSystemSvcLib,Service/TrackSystemSvc
TrackSystemSvc/MarlinTrkUtils.h,CEPCSW::TrackSystemSvcLib,Service/TrackSystemSvc
DetSimInterface/CommonUserEventInfo.hh,CEPCSW::DetSimInterface,Simulation/DetSimInterface
DetSimInterface/CommonUserTrackInfo.hh,CEPCSW::DetSimInterface,Simulation/DetSimInterface
DetSimInterface/IAnaElemTool.h,CEPCSW::DetSimInterface,Simulation/DetSimInterface
DetSimInterface/IDedxSimTool.h,CEPCSW::DetSimInterface,Simulation/DetSimInterface
DetSimInterface/IDetElemTool.h,CEPCSW::DetSimInterface,Simulation/DetSimInterface
DetSimInterface/IDetSimSvc.h,CEPCSW::DetSimInterface,Simulation/DetSimInterface
DetSimInterface/IFastSimG4Tool.h,CEPCSW::DetSimInterface,Simulation/DetSimInterface
DetSimInterface/IG4PrimaryCnvTool.h,CEPCSW::DetSimInterface,Simulation/DetSimInterface
DetSimInterface/ISensDetTool.h,CEPCSW::DetSimInterface,Simulation/DetSimInterface
DetSimSD/CaloSensitiveDetector.h,CEPCSW::DetSimSDLib,Simulation/DetSimSD
DetSimSD/DDG4SensitiveDetector.h,CEPCSW::DetSimSDLib,Simulation/DetSimSD
DetSimSD/Geant4Hits.h,CEPCSW::DetSimSDLib,Simulation/DetSimSD
DataHelper/CaloHitExtended.h,CEPCSW::DataHelperLib,Utilities/DataHelper
DataHelper/Circle.h,CEPCSW::DataHelperLib,Utilities/DataHelper
DataHelper/ClusterExtended.h,CEPCSW::DataHelperLib,Utilities/DataHelper
DataHelper/ClusterShapes.h,CEPCSW::DataHelperLib,Utilities/DataHelper
DataHelper/GroupTracks.h,CEPCSW::DataHelperLib,Utilities/DataHelper
DataHelper/HelixClass.h,CEPCSW::DataHelperLib,Utilities/DataHelper
DataHelper/LCCylinder.h,CEPCSW::DataHelperLib,Utilities/DataHelper
DataHelper/LCGeometryTypes.h,CEPCSW::DataHelperLib,Utilities/DataHelper
DataHelper/LCLine3D.h,CEPCSW::DataHelperLib,Utilities/DataHelper
DataHelper/LCPlane3D.h,CEPCSW::DataHelperLib,Utilities/DataHelper
DataHelper/LineClass.h,CEPCSW::DataHelperLib,Utilities/DataHelper
DataHelper/Navigation.h,CEPCSW::DataHelperLib,Utilities/DataHelper
DataHelper/SimpleHelix.h,CEPCSW::DataHelperLib,Utilities/DataHelper
DataHelper/TrackExtended.h,CEPCSW::DataHelperLib,Utilities/DataHelper
DataHelper/TrackHitPair.h,CEPCSW::DataHelperLib,Utilities/DataHelper
DataHelper/TrackerHitExtended.h,CEPCSW::DataHelperLib,Utilities/DataHelper
DataHelper/TrackerHitHelper.h,CEPCSW::DataHelperLib,Utilities/DataHelper
DataHelper/Trajectory.h,CEPCSW::DataHelperLib,Utilities/DataHelper
kaltest/KalTrackDim.h,CEPCSW::KalTestLib,Utilities/KalTest
kaltest/TAttDrawable.h,CEPCSW::KalTestLib,Utilities/KalTest
kaltest/TAttElement.h,CEPCSW::KalTestLib,Utilities/KalTest
kaltest/TAttLockable.h,CEPCSW::KalTestLib,Utilities/KalTest
kaltest/TCircle.h,CEPCSW::KalTestLib,Utilities/KalTest
kaltest/TCutCone.h,CEPCSW::KalTestLib,Utilities/KalTest
kaltest/TCylinder.h,CEPCSW::KalTestLib,Utilities/KalTest
kaltest/THelicalTrack.h,CEPCSW::KalTestLib,Utilities/KalTest
kaltest/THype.h,CEPCSW::KalTestLib,Utilities/KalTest
kaltest/TKalDetCradle.h,CEPCSW::KalTestLib,Utilities/KalTest
kaltest/TKalFilterCond.h,CEPCSW::KalTestLib,Utilities/KalTest
kaltest/TKalMatrix.h,CEPCSW::KalTestLib,Utilities/KalTest
kaltest/TKalTrack.h,CEPCSW::KalTestLib,Utilities/KalTest
kaltest/TKalTrackSite.h,CEPCSW::KalTestLib,Utilities/KalTest
kaltest/TKalTrackState.h,CEPCSW::KalTestLib,Utilities/KalTest
kaltest/TPlane.h,CEPCSW::KalTestLib,Utilities/KalTest
kaltest/TStraightTrack.h,CEPCSW::KalTestLib,Utilities/KalTest
kaltest/TTube.h,CEPCSW::KalTestLib,Utilities/KalTest
kaltest/TVCurve.h,CEPCSW::KalTestLib,Utilities/KalTest
kaltest/TVKalDetector.h,CEPCSW::KalTestLib,Utilities/KalTest
kaltest/TVKalSite.h,CEPCSW::KalTestLib,Utilities/KalTest
kaltest/TVKalState.h,CEPCSW::KalTestLib,Utilities/KalTest
kaltest/TVKalSystem.h,CEPCSW::KalTestLib,Utilities/KalTest
kaltest/TVMeasLayer.h,CEPCSW::KalTestLib,Utilities/KalTest
kaltest/TVSolid.h,CEPCSW::KalTestLib,Utilities/KalTest
kaltest/TVSurface.h,CEPCSW::KalTestLib,Utilities/KalTest
kaltest/TVTrack.h,CEPCSW::KalTestLib,Utilities/KalTest
kaltest/TVTrackHit.h,CEPCSW::KalTestLib,Utilities/KalTest
kaldet/EXEventGen.h,CEPCSW::KalDetLib,Utilities/KalDet
kaldet/EXTPCHit.h,CEPCSW::KalDetLib,Utilities/KalDet
kaldet/EXTPCKalDetector.h,CEPCSW::KalDetLib,Utilities/KalDet
kaldet/EXTPCMeasLayer.h,CEPCSW::KalDetLib,Utilities/KalDet
kaldet/EXVKalDetector.h,CEPCSW::KalDetLib,Utilities/KalDet
kaldet/EXVMeasLayer.h,CEPCSW::KalDetLib,Utilities/KalDet
kaldet/GearTPCCylinderHit.h,CEPCSW::KalDetLib,Utilities/KalDet
kaldet/GearTPCCylinderMeasLayer.h,CEPCSW::KalDetLib,Utilities/KalDet
kaldet/GearTPCHit.h,CEPCSW::KalDetLib,Utilities/KalDet
kaldet/GearTPCKalDetector.h,CEPCSW::KalDetLib,Utilities/KalDet
kaldet/GearTPCMeasLayer.h,CEPCSW::KalDetLib,Utilities/KalDet
kaldet/ILDConeMeasLayer.h,CEPCSW::KalDetLib,Utilities/KalDet
kaldet/ILDCylinderHit.h,CEPCSW::KalDetLib,Utilities/KalDet
kaldet/ILDCylinderMeasLayer.h,CEPCSW::KalDetLib,Utilities/KalDet
kaldet/ILDDiscMeasLayer.h,CEPCSW::KalDetLib,Utilities/KalDet
kaldet/ILDFTDDiscBasedKalDetector.h,CEPCSW::KalDetLib,Utilities/KalDet
kaldet/ILDFTDKalDetector.h,CEPCSW::KalDetLib,Utilities/KalDet
kaldet/ILDMeasurementSurfaceStoreFiller.h,CEPCSW::KalDetLib,Utilities/KalDet
kaldet/ILDParallelPlanarMeasLayer.h,CEPCSW::KalDetLib,Utilities/KalDet
kaldet/ILDParallelPlanarStripMeasLayer.h,CEPCSW::KalDetLib,Utilities/KalDet
kaldet/ILDPlanarHit.h,CEPCSW::KalDetLib,Utilities/KalDet
kaldet/ILDPlanarMeasLayer.h,CEPCSW::KalDetLib,Utilities/KalDet
kaldet/ILDPlanarStripHit.h,CEPCSW::KalDetLib,Utilities/KalDet
kaldet/ILDPolygonBarrelMeasLayer.h,CEPCSW::KalDetLib,Utilities/KalDet
kaldet/ILDRotatedTrapMeaslayer.h,CEPCSW::KalDetLib,Utilities/KalDet
kaldet/ILDSETKalDetector.h,CEPCSW::KalDetLib,Utilities/KalDet
kaldet/ILDSITCylinderKalDetector.h,CEPCSW::KalDetLib,Utilities/KalDet
kaldet/ILDSITKalDetector.h,CEPCSW::KalDetLib,Utilities/KalDet
kaldet/ILDSegmentedDiscMeasLayer.h,CEPCSW::KalDetLib,Utilities/KalDet
kaldet/ILDSegmentedDiscStripMeasLayer.h,CEPCSW::KalDetLib,Utilities/KalDet
kaldet/ILDSupportKalDetector.h,CEPCSW::KalDetLib,Utilities/KalDet
kaldet/ILDTPCKalDetector.h,CEPCSW::KalDetLib,Utilities/KalDet
kaldet/ILDVMeasLayer.h,CEPCSW::KalDetLib,Utilities/KalDet
kaldet/ILDVTrackHit.h,CEPCSW::KalDetLib,Utilities/KalDet
kaldet/ILDVXDKalDetector.h,CEPCSW::KalDetLib,Utilities/KalDet
kaldet/LCTPCKalDetector.h,CEPCSW::KalDetLib,Utilities/KalDet
kaldet/MaterialDataBase.h,CEPCSW::KalDetLib,Utilities/KalDet
Criteria/Criteria.h,CEPCSW::KiTrackLib,Utilities/KiTrack
Criteria/ICriterion.h,CEPCSW::KiTrackLib,Utilities/KiTrack
ILDImpl/FTDHit01.h,CEPCSW::KiTrackLib,Utilities/KiTrack
ILDImpl/FTDHitSimple.h,CEPCSW::KiTrackLib,Utilities/KiTrack
ILDImpl/FTDNeighborPetalSecCon.h,CEPCSW::KiTrackLib,Utilities/KiTrack
ILDImpl/FTDSectorConnector.h,CEPCSW::KiTrackLib,Utilities/KiTrack
ILDImpl/FTDTrack.h,CEPCSW::KiTrackLib,Utilities/KiTrack
ILDImpl/IFTDHit.h,CEPCSW::KiTrackLib,Utilities/KiTrack
ILDImpl/SectorSystemFTD.h,CEPCSW::KiTrackLib,Utilities/KiTrack
ILDImpl/SectorSystemVXD.h,CEPCSW::KiTrackLib,Utilities/KiTrack
ILDImpl/VXDHitSimple.h,CEPCSW::KiTrackLib,Utilities/KiTrack
KiTrack/Automaton.h,CEPCSW::KiTrackLib,Utilities/KiTrack
KiTrack/HopfieldNeuralNet.h,CEPCSW::KiTrackLib,Utilities/KiTrack
KiTrack/IHit.h,CEPCSW::KiTrackLib,Utilities/KiTrack
KiTrack/ISectorConnector.h,CEPCSW::KiTrackLib,Utilities/KiTrack
KiTrack/ISectorSystem.h,CEPCSW::KiTrackLib,Utilities/KiTrack
KiTrack/ITrack.h,CEPCSW::KiTrackLib,Utilities/KiTrack
KiTrack/KiTrackExceptions.h,CEPCSW::KiTrackLib,Utilities/KiTrack
KiTrack/Segment.h,CEPCSW::KiTrackLib,Utilities/KiTrack
KiTrack/SegmentBuilder.h,CEPCSW::KiTrackLib,Utilities/KiTrack
KiTrack/Subset.h,CEPCSW::KiTrackLib,Utilities/KiTrack
KiTrack/SubsetHopfieldNN.h,CEPCSW::KiTrackLib,Utilities/KiTrack
KiTrack/SubsetSimple.h,CEPCSW::KiTrackLib,Utilities/KiTrack
Tools/FTDHelixFitter.h,CEPCSW::KiTrackLib,Utilities/KiTrack
Tools/Fitter.h,CEPCSW::KiTrackLib,Utilities/KiTrack
Tools/KiTrackMarlinTools.h,CEPCSW::KiTrackLib,Utilities/KiTrack
